{
  "ret_code": 0,
  "ret_msg": "OK",
  "ext_code": "",
  "ext_info": "",
  "result": {
    "BTC": {
      "equity": 0.44086899,
      "available_balance": 0.05147855,
      "used_margin": 0.37831358,
      "order_margin": 0.25322443,
      "position_margin": 0.12388134,
      "occ_closing_fee": 0.00120781,
      "occ_funding_fee": 0,
      "wallet_balance": 0.42979213,
      "realised_pnl": -0.00014799,
      "unrealised_pnl": 0.01107686,
      "cum_realised_pnl": 0.22412103,
      "given_cash": 0,
      "service_cash": 0
    }
  },
  "time_now": "1603704066.304952",
  "rate_limit_status": 119,
  "rate_limit_reset_ms": 1603704066302,
  "rate_limit": 120
}
